Device,Mean_All,Min_All,Max_All,Percent_Above_900_All,Percent_Above_1200_All,Mean_Op,Min_Op,Max_Op,Percent_Above_900_Op,Percent_Above_1200_Op
Cafetaria,458.304469273743,400.0,651.0,0.0,0.0,483.23446327683615,400.0,629.0,0.0,0.0
Kamer_34,635.7112740604949,453.0,964.0,0.8249312557286892,0.0,631.0198300283286,453.0,964.0,1.69971671388102,0.0
Kamer_5,591.8301193755739,412.0,873.0,0.0,0.0,522.5014245014245,412.0,734.0,0.0,0.0
Kamer_96,1011.6452795600367,436.0,1848.0,57.56186984417965,28.597616865261227,731.1960227272727,436.0,1244.0,18.181818181818183,1.7045454545454544
Leefruimt_Neerhof,740.1709558823529,401.0,1424.0,27.481617647058826,8.088235294117647,930.844192634561,481.0,1360.0,52.97450424929179,17.56373937677054
